{
  "generated_at": "2026-02-23T18:22:59.917981",
  "datasets": [
    "Dataset-1-stageB",
    "NVIDIA-dataset-stageB"
  ],
  "scoring_formula": "0.55*AUC + 0.20*AP + 0.10*ACC - 0.15*EER - 0.08*runtime_norm - 0.12*auc_gap",
  "champions": [
    {
      "rank": 1,
      "detector_key": "mesonet",
      "detector_name": "MesoNet",
      "family": "naive",
      "score": 0.41019453839573866,
      "auc_mean": 0.60818285,
      "ap_mean": 0.5532715224786929,
      "eer_mean": 0.4207,
      "acc_mean": 0.50105,
      "auc_gap": 0.18300278000000003,
      "runtime_total_sec": 168.326
    },
    {
      "rank": 2,
      "detector_key": "xception",
      "detector_name": "Xception",
      "family": "naive",
      "score": 0.3573385752306859,
      "auc_mean": 0.54428937,
      "ap_mean": 0.5856933454960825,
      "eer_mean": 0.47829999999999995,
      "acc_mean": 0.55145,
      "auc_gap": 0.24186109999999994,
      "runtime_total_sec": 289.94399999999996
    },
    {
      "rank": 3,
      "detector_key": "mesoinception",
      "detector_name": "MesoInception",
      "family": "naive",
      "score": 0.35080699014969396,
      "auc_mean": 0.5144035,
      "ap_mean": 0.5068902224597014,
      "eer_mean": 0.48319999999999996,
      "acc_mean": 0.5163,
      "auc_gap": 0.10102308000000004,
      "runtime_total_sec": 173.0
    }
  ],
  "num_ranked_complete_detectors": 10
}