detector_key,detector_name,family,runs_expected,runs_success,complete,acc_mean,auc_mean,eer_mean,ap_mean,auc_gap,runtime_total_sec,runtime_norm,score,status_note
mesonet,MesoNet,naive,1,1,1,0.52,0.6003999999999999,0.38,0.5783345329178462,,30.229,0.9946223417257394,0.36131711924551013,ok
xception,Xception,naive,1,1,1,0.49,0.434,0.56,0.5127843237979242,,5.815,0.0,0.3062568647595848,ok
mesoinception,MesoInception,naive,1,1,1,0.46,0.44279999999999997,0.52,0.48561870053513173,,30.361,1.0,0.22866374010702634,ok
